{"TARGET": "target_aspect_sentiment_detection", "eval_loss": 0.24874868988990784, "eval_rouge1": 89.4705, "eval_rouge2": 84.4403, "eval_rougeL": 88.9636, "eval_rougeLsum": 88.9523, "eval_gen_len": 100.5444, "eval_f1": 0.6869085173501577, "eval_recall": 0.6831372549019608, "eval_precision": 0.6907216494845361, "eval_accuracy": 0.5231231231231231, "eval_n_examples_GENERAL-IMPRESSION_POSITIVE": 119, "eval_f1_GENERAL-IMPRESSION_POSITIVE": 0.7280701754385966, "eval_recall_GENERAL-IMPRESSION_POSITIVE": 0.6974789915966386, "eval_precision_GENERAL-IMPRESSION_POSITIVE": 0.7614678899082569, "eval_accuracy_GENERAL-IMPRESSION_POSITIVE": 0.5724137931034483, "eval_n_examples_GENERAL-IMPRESSION_NEUTRAL": 10, "eval_f1_GENERAL-IMPRESSION_NEUTRAL": 0.625, "eval_recall_GENERAL-IMPRESSION_NEUTRAL": 0.5, "eval_precision_GENERAL-IMPRESSION_NEUTRAL": 0.8333333333333334, "eval_accuracy_GENERAL-IMPRESSION_NEUTRAL": 0.45454545454545453, "eval_n_examples_GENERAL-IMPRESSION_NEGATIVE": 107, "eval_f1_GENERAL-IMPRESSION_NEGATIVE": 0.7149758454106279, "eval_recall_GENERAL-IMPRESSION_NEGATIVE": 0.6915887850467289, "eval_precision_GENERAL-IMPRESSION_NEGATIVE": 0.74, "eval_accuracy_GENERAL-IMPRESSION_NEGATIVE": 0.556390977443609, "eval_n_examples_FOOD_POSITIVE": 282, "eval_f1_FOOD_POSITIVE": 0.7458193979933109, "eval_recall_FOOD_POSITIVE": 0.7907801418439716, "eval_precision_FOOD_POSITIVE": 0.7056962025316456, "eval_accuracy_FOOD_POSITIVE": 0.5946666666666667, "eval_n_examples_FOOD_NEUTRAL": 40, "eval_f1_FOOD_NEUTRAL": 0.8311688311688312, "eval_recall_FOOD_NEUTRAL": 0.8, "eval_precision_FOOD_NEUTRAL": 0.8648648648648649, "eval_accuracy_FOOD_NEUTRAL": 0.7111111111111111, "eval_n_examples_FOOD_NEGATIVE": 188, "eval_f1_FOOD_NEGATIVE": 0.5822784810126582, "eval_recall_FOOD_NEGATIVE": 0.6117021276595744, "eval_precision_FOOD_NEGATIVE": 0.5555555555555556, "eval_accuracy_FOOD_NEGATIVE": 0.4107142857142857, "eval_n_examples_SERVICE_POSITIVE": 167, "eval_f1_SERVICE_POSITIVE": 0.8037974683544304, "eval_recall_SERVICE_POSITIVE": 0.7604790419161677, "eval_precision_SERVICE_POSITIVE": 0.8523489932885906, "eval_accuracy_SERVICE_POSITIVE": 0.671957671957672, "eval_n_examples_SERVICE_NEUTRAL": 3, "eval_f1_SERVICE_NEUTRAL": 0.8, "eval_recall_SERVICE_NEUTRAL": 0.6666666666666666, "eval_precision_SERVICE_NEUTRAL": 1.0, "eval_accuracy_SERVICE_NEUTRAL": 0.6666666666666666, "eval_n_examples_SERVICE_NEGATIVE": 150, "eval_f1_SERVICE_NEGATIVE": 0.611111111111111, "eval_recall_SERVICE_NEGATIVE": 0.5866666666666667, "eval_precision_SERVICE_NEGATIVE": 0.6376811594202898, "eval_accuracy_SERVICE_NEGATIVE": 0.44, "eval_n_examples_AMBIENCE_POSITIVE": 90, "eval_f1_AMBIENCE_POSITIVE": 0.7471264367816092, "eval_recall_AMBIENCE_POSITIVE": 0.7222222222222222, "eval_precision_AMBIENCE_POSITIVE": 0.7738095238095238, "eval_accuracy_AMBIENCE_POSITIVE": 0.5963302752293578, "eval_n_examples_AMBIENCE_NEUTRAL": 2, "eval_f1_AMBIENCE_NEUTRAL": 0, "eval_recall_AMBIENCE_NEUTRAL": 0.0, "eval_precision_AMBIENCE_NEUTRAL": 0.0, "eval_accuracy_AMBIENCE_NEUTRAL": 0.0, "eval_n_examples_AMBIENCE_NEGATIVE": 38, "eval_f1_AMBIENCE_NEGATIVE": 0.4657534246575342, "eval_recall_AMBIENCE_NEGATIVE": 0.4473684210526316, "eval_precision_AMBIENCE_NEGATIVE": 0.4857142857142857, "eval_accuracy_AMBIENCE_NEGATIVE": 0.30357142857142855, "eval_n_examples_PRICE_POSITIVE": 14, "eval_f1_PRICE_POSITIVE": 0.5925925925925927, "eval_recall_PRICE_POSITIVE": 0.5714285714285714, "eval_precision_PRICE_POSITIVE": 0.6153846153846154, "eval_accuracy_PRICE_POSITIVE": 0.42105263157894735, "eval_n_examples_PRICE_NEUTRAL": 9, "eval_f1_PRICE_NEUTRAL": 0.42857142857142855, "eval_recall_PRICE_NEUTRAL": 0.3333333333333333, "eval_precision_PRICE_NEUTRAL": 0.6, "eval_accuracy_PRICE_NEUTRAL": 0.2727272727272727, "eval_n_examples_PRICE_NEGATIVE": 56, "eval_f1_PRICE_NEGATIVE": 0.5043478260869566, "eval_recall_PRICE_NEGATIVE": 0.5178571428571429, "eval_precision_PRICE_NEGATIVE": 0.4915254237288136, "eval_accuracy_PRICE_NEGATIVE": 0.3372093023255814, "eval_f1_macro": 0.6120408679453124, "eval_runtime": 31.8476, "eval_samples_per_second": 29.013, "eval_steps_per_second": 1.821, "epoch": 20.0, "runtime": 542.6277124881744, "runtime_formatted": "9m 2s", "n_samples_train": 2154, "n_samples_test": 924, "log_history": [{"loss": 0.3974, "learning_rate": 0.000285, "epoch": 1.0, "step": 135}, {"loss": 0.1418, "learning_rate": 0.00027, "epoch": 2.0, "step": 270}, {"loss": 0.0987, "learning_rate": 0.00025499999999999996, "epoch": 3.0, "step": 405}, {"loss": 0.0724, "learning_rate": 0.00023999999999999998, "epoch": 4.0, "step": 540}, {"loss": 0.0536, "learning_rate": 0.000225, "epoch": 5.0, "step": 675}, {"loss": 0.0418, "learning_rate": 0.00020999999999999998, "epoch": 6.0, "step": 810}, {"loss": 0.0352, "learning_rate": 0.000195, "epoch": 7.0, "step": 945}, {"loss": 0.0257, "learning_rate": 0.00017999999999999998, "epoch": 8.0, "step": 1080}, {"loss": 0.0192, "learning_rate": 0.000165, "epoch": 9.0, "step": 1215}, {"loss": 0.0156, "learning_rate": 0.00015, "epoch": 10.0, "step": 1350}, {"loss": 0.0161, "learning_rate": 0.000135, "epoch": 11.0, "step": 1485}, {"loss": 0.0107, "learning_rate": 0.00011999999999999999, "epoch": 12.0, "step": 1620}, {"loss": 0.008, "learning_rate": 0.00010499999999999999, "epoch": 13.0, "step": 1755}, {"loss": 0.0065, "learning_rate": 8.999999999999999e-05, "epoch": 14.0, "step": 1890}, {"loss": 0.0056, "learning_rate": 7.5e-05, "epoch": 15.0, "step": 2025}, {"loss": 0.0048, "learning_rate": 5.9999999999999995e-05, "epoch": 16.0, "step": 2160}, {"loss": 0.0041, "learning_rate": 4.4999999999999996e-05, "epoch": 17.0, "step": 2295}, {"loss": 0.0033, "learning_rate": 2.9999999999999997e-05, "epoch": 18.0, "step": 2430}, {"loss": 0.0035, "learning_rate": 1.4999999999999999e-05, "epoch": 19.0, "step": 2565}, {"loss": 0.0022, "learning_rate": 0.0, "epoch": 20.0, "step": 2700}, {"train_runtime": 505.1228, "train_samples_per_second": 85.286, "train_steps_per_second": 5.345, "total_flos": 2788149383055360.0, "train_loss": 0.04832446969217724, "epoch": 20.0, "step": 2700}, {"eval_loss": 0.24874868988990784, "eval_rouge1": 89.4705, "eval_rouge2": 84.4403, "eval_rougeL": 88.9636, "eval_rougeLsum": 88.9523, "eval_gen_len": 100.5444, "eval_f1": 0.6869085173501577, "eval_recall": 0.6831372549019608, "eval_precision": 0.6907216494845361, "eval_accuracy": 0.5231231231231231, "eval_n_examples_GENERAL-IMPRESSION_POSITIVE": 119, "eval_f1_GENERAL-IMPRESSION_POSITIVE": 0.7280701754385966, "eval_recall_GENERAL-IMPRESSION_POSITIVE": 0.6974789915966386, "eval_precision_GENERAL-IMPRESSION_POSITIVE": 0.7614678899082569, "eval_accuracy_GENERAL-IMPRESSION_POSITIVE": 0.5724137931034483, "eval_n_examples_GENERAL-IMPRESSION_NEUTRAL": 10, "eval_f1_GENERAL-IMPRESSION_NEUTRAL": 0.625, "eval_recall_GENERAL-IMPRESSION_NEUTRAL": 0.5, "eval_precision_GENERAL-IMPRESSION_NEUTRAL": 0.8333333333333334, "eval_accuracy_GENERAL-IMPRESSION_NEUTRAL": 0.45454545454545453, "eval_n_examples_GENERAL-IMPRESSION_NEGATIVE": 107, "eval_f1_GENERAL-IMPRESSION_NEGATIVE": 0.7149758454106279, "eval_recall_GENERAL-IMPRESSION_NEGATIVE": 0.6915887850467289, "eval_precision_GENERAL-IMPRESSION_NEGATIVE": 0.74, "eval_accuracy_GENERAL-IMPRESSION_NEGATIVE": 0.556390977443609, "eval_n_examples_FOOD_POSITIVE": 282, "eval_f1_FOOD_POSITIVE": 0.7458193979933109, "eval_recall_FOOD_POSITIVE": 0.7907801418439716, "eval_precision_FOOD_POSITIVE": 0.7056962025316456, "eval_accuracy_FOOD_POSITIVE": 0.5946666666666667, "eval_n_examples_FOOD_NEUTRAL": 40, "eval_f1_FOOD_NEUTRAL": 0.8311688311688312, "eval_recall_FOOD_NEUTRAL": 0.8, "eval_precision_FOOD_NEUTRAL": 0.8648648648648649, "eval_accuracy_FOOD_NEUTRAL": 0.7111111111111111, "eval_n_examples_FOOD_NEGATIVE": 188, "eval_f1_FOOD_NEGATIVE": 0.5822784810126582, "eval_recall_FOOD_NEGATIVE": 0.6117021276595744, "eval_precision_FOOD_NEGATIVE": 0.5555555555555556, "eval_accuracy_FOOD_NEGATIVE": 0.4107142857142857, "eval_n_examples_SERVICE_POSITIVE": 167,