{"TARGET": "target_aspect_sentiment_detection", "eval_loss": 0.19737032055854797, "eval_rouge1": 90.1357, "eval_rouge2": 85.2738, "eval_rougeL": 89.5218, "eval_rougeLsum": 89.4822, "eval_gen_len": 96.9242, "eval_f1": 0.6886417791898332, "eval_recall": 0.68, "eval_precision": 0.6975060337892196, "eval_accuracy": 0.5251362810417929, "eval_n_examples_GENERAL-IMPRESSION_POSITIVE": 119, "eval_f1_GENERAL-IMPRESSION_POSITIVE": 0.7168141592920354, "eval_recall_GENERAL-IMPRESSION_POSITIVE": 0.680672268907563, "eval_precision_GENERAL-IMPRESSION_POSITIVE": 0.7570093457943925, "eval_accuracy_GENERAL-IMPRESSION_POSITIVE": 0.5586206896551724, "eval_n_examples_GENERAL-IMPRESSION_NEUTRAL": 10, "eval_f1_GENERAL-IMPRESSION_NEUTRAL": 0.5, "eval_recall_GENERAL-IMPRESSION_NEUTRAL": 0.4, "eval_precision_GENERAL-IMPRESSION_NEUTRAL": 0.6666666666666666, "eval_accuracy_GENERAL-IMPRESSION_NEUTRAL": 0.3333333333333333, "eval_n_examples_GENERAL-IMPRESSION_NEGATIVE": 107, "eval_f1_GENERAL-IMPRESSION_NEGATIVE": 0.7536231884057971, "eval_recall_GENERAL-IMPRESSION_NEGATIVE": 0.7289719626168224, "eval_precision_GENERAL-IMPRESSION_NEGATIVE": 0.78, "eval_accuracy_GENERAL-IMPRESSION_NEGATIVE": 0.6046511627906976, "eval_n_examples_FOOD_POSITIVE": 282, "eval_f1_FOOD_POSITIVE": 0.746218487394958, "eval_recall_FOOD_POSITIVE": 0.7872340425531915, "eval_precision_FOOD_POSITIVE": 0.7092651757188498, "eval_accuracy_FOOD_POSITIVE": 0.5951742627345844, "eval_n_examples_FOOD_NEUTRAL": 40, "eval_f1_FOOD_NEUTRAL": 0.7368421052631577, "eval_recall_FOOD_NEUTRAL": 0.7, "eval_precision_FOOD_NEUTRAL": 0.7777777777777778, "eval_accuracy_FOOD_NEUTRAL": 0.5833333333333334, "eval_n_examples_FOOD_NEGATIVE": 188, "eval_f1_FOOD_NEGATIVE": 0.6174142480211081, "eval_recall_FOOD_NEGATIVE": 0.6223404255319149, "eval_precision_FOOD_NEGATIVE": 0.612565445026178, "eval_accuracy_FOOD_NEGATIVE": 0.44656488549618323, "eval_n_examples_SERVICE_POSITIVE": 167, "eval_f1_SERVICE_POSITIVE": 0.7720364741641338, "eval_recall_SERVICE_POSITIVE": 0.7604790419161677, "eval_precision_SERVICE_POSITIVE": 0.7839506172839507, "eval_accuracy_SERVICE_POSITIVE": 0.6287128712871287, "eval_n_examples_SERVICE_NEUTRAL": 3, "eval_f1_SERVICE_NEUTRAL": 0.8, "eval_recall_SERVICE_NEUTRAL": 0.6666666666666666, "eval_precision_SERVICE_NEUTRAL": 1.0, "eval_accuracy_SERVICE_NEUTRAL": 0.6666666666666666, "eval_n_examples_SERVICE_NEGATIVE": 150, "eval_f1_SERVICE_NEGATIVE": 0.6399999999999999, "eval_recall_SERVICE_NEGATIVE": 0.5866666666666667, "eval_precision_SERVICE_NEGATIVE": 0.704, "eval_accuracy_SERVICE_NEGATIVE": 0.47058823529411764, "eval_n_examples_AMBIENCE_POSITIVE": 90, "eval_f1_AMBIENCE_POSITIVE": 0.6966292134831461, "eval_recall_AMBIENCE_POSITIVE": 0.6888888888888889, "eval_precision_AMBIENCE_POSITIVE": 0.7045454545454546, "eval_accuracy_AMBIENCE_POSITIVE": 0.5344827586206896, "eval_n_examples_AMBIENCE_NEUTRAL": 2, "eval_f1_AMBIENCE_NEUTRAL": 0, "eval_recall_AMBIENCE_NEUTRAL": 0.0, "eval_precision_AMBIENCE_NEUTRAL": 0, "eval_accuracy_AMBIENCE_NEUTRAL": 0.0, "eval_n_examples_AMBIENCE_NEGATIVE": 38, "eval_f1_AMBIENCE_NEGATIVE": 0.5316455696202531, "eval_recall_AMBIENCE_NEGATIVE": 0.5526315789473685, "eval_precision_AMBIENCE_NEGATIVE": 0.5121951219512195, "eval_accuracy_AMBIENCE_NEGATIVE": 0.3620689655172414, "eval_n_examples_PRICE_POSITIVE": 14, "eval_f1_PRICE_POSITIVE": 0.5925925925925927, "eval_recall_PRICE_POSITIVE": 0.5714285714285714, "eval_precision_PRICE_POSITIVE": 0.6153846153846154, "eval_accuracy_PRICE_POSITIVE": 0.42105263157894735, "eval_n_examples_PRICE_NEUTRAL": 9, "eval_f1_PRICE_NEUTRAL": 0.25, "eval_recall_PRICE_NEUTRAL": 0.2222222222222222, "eval_precision_PRICE_NEUTRAL": 0.2857142857142857, "eval_accuracy_PRICE_NEUTRAL": 0.14285714285714285, "eval_n_examples_PRICE_NEGATIVE": 56, "eval_f1_PRICE_NEGATIVE": 0.5, "eval_recall_PRICE_NEGATIVE": 0.48214285714285715, "eval_precision_PRICE_NEGATIVE": 0.5192307692307693, "eval_accuracy_PRICE_NEGATIVE": 0.3333333333333333, "eval_f1_macro": 0.5902544025491455, "eval_runtime": 65.8258, "eval_samples_per_second": 14.037, "eval_steps_per_second": 0.881, "epoch": 20.0, "runtime": 671.6361155509949, "runtime_formatted": "11m 11s", "n_samples_train": 2154, "n_samples_test": 924, "log_history": [{"loss": 0.3557, "learning_rate": 0.000285, "epoch": 1.0, "step": 135}, {"loss": 0.1361, "learning_rate": 0.00027, "epoch": 2.0, "step": 270}, {"loss": 0.0931, "learning_rate": 0.00025499999999999996, "epoch": 3.0, "step": 405}, {"loss": 0.0684, "learning_rate": 0.00023999999999999998, "epoch": 4.0, "step": 540}, {"loss": 0.0519, "learning_rate": 0.000225, "epoch": 5.0, "step": 675}, {"loss": 0.0375, "learning_rate": 0.00020999999999999998, "epoch": 6.0, "step": 810}, {"loss": 0.0306, "learning_rate": 0.000195, "epoch": 7.0, "step": 945}, {"loss": 0.0256, "learning_rate": 0.00017999999999999998, "epoch": 8.0, "step": 1080}, {"loss": 0.0214, "learning_rate": 0.000165, "epoch": 9.0, "step": 1215}, {"loss": 0.0151, "learning_rate": 0.00015, "epoch": 10.0, "step": 1350}, {"loss": 0.0131, "learning_rate": 0.000135, "epoch": 11.0, "step": 1485}, {"loss": 0.0112, "learning_rate": 0.00011999999999999999, "epoch": 12.0, "step": 1620}, {"loss": 0.0082, "learning_rate": 0.00010499999999999999, "epoch": 13.0, "step": 1755}, {"loss": 0.0094, "learning_rate": 8.999999999999999e-05, "epoch": 14.0, "step": 1890}, {"loss": 0.0091, "learning_rate": 7.5e-05, "epoch": 15.0, "step": 2025}, {"loss": 0.0073, "learning_rate": 5.9999999999999995e-05, "epoch": 16.0, "step": 2160}, {"loss": 0.0079, "learning_rate": 4.4999999999999996e-05, "epoch": 17.0, "step": 2295}, {"loss": 0.0071, "learning_rate": 2.9999999999999997e-05, "epoch": 18.0, "step": 2430}, {"loss": 0.007, "learning_rate": 1.4999999999999999e-05, "epoch": 19.0, "step": 2565}, {"loss": 0.0079, "learning_rate": 0.0, "epoch": 20.0, "step": 2700}, {"train_runtime": 587.6813, "train_samples_per_second": 73.305, "train_steps_per_second": 4.594, "total_flos": 8228803541204992.0, "train_loss": 0.04617961757712894, "epoch": 20.0, "step": 2700}, {"eval_loss": 0.19737032055854797, "eval_rouge1": 90.1357, "eval_rouge2": 85.2738, "eval_rougeL": 89.5218, "eval_rougeLsum": 89.4822, "eval_gen_len": 96.9242, "eval_f1": 0.6886417791898332, "eval_recall": 0.68, "eval_precision": 0.6975060337892196, "eval_accuracy": 0.5251362810417929, "eval_n_examples_GENERAL-IMPRESSION_POSITIVE": 119, "eval_f1_GENERAL-IMPRESSION_POSITIVE": 0.7168141592920354, "eval_recall_GENERAL-IMPRESSION_POSITIVE": 0.680672268907563, "eval_precision_GENERAL-IMPRESSION_POSITIVE": 0.7570093457943925, "eval_accuracy_GENERAL-IMPRESSION_POSITIVE": 0.5586206896551724, "eval_n_examples_GENERAL-IMPRESSION_NEUTRAL": 10, "eval_f1_GENERAL-IMPRESSION_NEUTRAL": 0.5, "eval_recall_GENERAL-IMPRESSION_NEUTRAL": 0.4, "eval_precision_GENERAL-IMPRESSION_NEUTRAL": 0.6666666666666666, "eval_accuracy_GENERAL-IMPRESSION_NEUTRAL": 0.3333333333333333, "eval_n_examples_GENERAL-IMPRESSION_NEGATIVE": 107, "eval_f1_GENERAL-IMPRESSION_NEGATIVE": 0.7536231884057971, "eval_recall_GENERAL-IMPRESSION_NEGATIVE": 0.7289719626168224, "eval_precision_GENERAL-IMPRESSION_NEGATIVE": 0.78, "eval_accuracy_GENERAL-IMPRESSION_NEGATIVE": 0.6046511627906976, "eval_n_examples_FOOD_POSITIVE": 282, "eval_f1_FOOD_POSITIVE": 0.746218487394958, "eval_recall_FOOD_POSITIVE": 0.7872340425531915, "eval_precision_FOOD_POSITIVE": 0.7092651757188498, "eval_accuracy_FOOD_POSITIVE": 0.5951742627345844, "eval_n_examples_FOOD_NEUTRAL": 40, "eval_f1_FOOD_NEUTRAL": 0.7368421052631577, "eval_recall_FOOD_NEUTRAL": 0.7, "eval_precision_FOOD_NEUTRAL": 0.7777777777777778, "eval_accuracy_FOOD_NEUTRAL": 0.5833333333333334, "eval_n_examples_FOOD_NEGATIVE": 188, "eval_f1_FOOD_NEGATIVE": 0.6174142480211081, "eval_recall_FOOD_NEGATIVE": 0.6223404255319149, "eval_precision_FOOD_NEGATIVE": 0.612565445026178, "eval_accuracy_FOOD_NEGATIVE": 0.44656488549618323, "eval_n_examples_SERVICE_POSITIVE": 167, "eval_f1_SERVICE_POSITIVE": 0.7720364741641338,