{"TARGET": "target_aspect_sentiment_detection", "eval_loss": 0.1794465333223343, "eval_rouge1": 88.3958, "eval_rouge2": 82.2519, "eval_rougeL": 87.6705, "eval_rougeLsum": 87.6537, "eval_gen_len": 109.3918, "eval_f1": 0.6474127557160048, "eval_recall": 0.6329411764705882, "eval_precision": 0.6625615763546798, "eval_accuracy": 0.4786476868327402, "eval_n_examples_GENERAL-IMPRESSION_POSITIVE": 119, "eval_f1_GENERAL-IMPRESSION_POSITIVE": 0.6877828054298643, "eval_recall_GENERAL-IMPRESSION_POSITIVE": 0.6386554621848739, "eval_precision_GENERAL-IMPRESSION_POSITIVE": 0.7450980392156863, "eval_accuracy_GENERAL-IMPRESSION_POSITIVE": 0.5241379310344828, "eval_n_examples_GENERAL-IMPRESSION_NEUTRAL": 10, "eval_f1_GENERAL-IMPRESSION_NEUTRAL": 0.5714285714285715, "eval_recall_GENERAL-IMPRESSION_NEUTRAL": 0.4, "eval_precision_GENERAL-IMPRESSION_NEUTRAL": 1.0, "eval_accuracy_GENERAL-IMPRESSION_NEUTRAL": 0.4, "eval_n_examples_GENERAL-IMPRESSION_NEGATIVE": 107, "eval_f1_GENERAL-IMPRESSION_NEGATIVE": 0.6341463414634146, "eval_recall_GENERAL-IMPRESSION_NEGATIVE": 0.6074766355140186, "eval_precision_GENERAL-IMPRESSION_NEGATIVE": 0.6632653061224489, "eval_accuracy_GENERAL-IMPRESSION_NEGATIVE": 0.4642857142857143, "eval_n_examples_FOOD_POSITIVE": 282, "eval_f1_FOOD_POSITIVE": 0.7174280879864637, "eval_recall_FOOD_POSITIVE": 0.75177304964539, "eval_precision_FOOD_POSITIVE": 0.686084142394822, "eval_accuracy_FOOD_POSITIVE": 0.5593667546174143, "eval_n_examples_FOOD_NEUTRAL": 40, "eval_f1_FOOD_NEUTRAL": 0.6571428571428571, "eval_recall_FOOD_NEUTRAL": 0.575, "eval_precision_FOOD_NEUTRAL": 0.7666666666666667, "eval_accuracy_FOOD_NEUTRAL": 0.48936170212765956, "eval_n_examples_FOOD_NEGATIVE": 188, "eval_f1_FOOD_NEGATIVE": 0.5699481865284974, "eval_recall_FOOD_NEGATIVE": 0.5851063829787234, "eval_precision_FOOD_NEGATIVE": 0.5555555555555556, "eval_accuracy_FOOD_NEGATIVE": 0.39855072463768115, "eval_n_examples_SERVICE_POSITIVE": 167, "eval_f1_SERVICE_POSITIVE": 0.7562499999999999, "eval_recall_SERVICE_POSITIVE": 0.7245508982035929, "eval_precision_SERVICE_POSITIVE": 0.7908496732026143, "eval_accuracy_SERVICE_POSITIVE": 0.6080402010050251, "eval_n_examples_SERVICE_NEUTRAL": 3, "eval_f1_SERVICE_NEUTRAL": 0.6666666666666666, "eval_recall_SERVICE_NEUTRAL": 0.6666666666666666, "eval_precision_SERVICE_NEUTRAL": 0.6666666666666666, "eval_accuracy_SERVICE_NEUTRAL": 0.5, "eval_n_examples_SERVICE_NEGATIVE": 150, "eval_f1_SERVICE_NEGATIVE": 0.5985915492957747, "eval_recall_SERVICE_NEGATIVE": 0.5666666666666667, "eval_precision_SERVICE_NEGATIVE": 0.6343283582089553, "eval_accuracy_SERVICE_NEGATIVE": 0.4271356783919598, "eval_n_examples_AMBIENCE_POSITIVE": 90, "eval_f1_AMBIENCE_POSITIVE": 0.7241379310344827, "eval_recall_AMBIENCE_POSITIVE": 0.7, "eval_precision_AMBIENCE_POSITIVE": 0.75, "eval_accuracy_AMBIENCE_POSITIVE": 0.5675675675675675, "eval_n_examples_AMBIENCE_NEUTRAL": 2, "eval_f1_AMBIENCE_NEUTRAL": 0, "eval_recall_AMBIENCE_NEUTRAL": 0.0, "eval_precision_AMBIENCE_NEUTRAL": 0, "eval_accuracy_AMBIENCE_NEUTRAL": 0.0, "eval_n_examples_AMBIENCE_NEGATIVE": 38, "eval_f1_AMBIENCE_NEGATIVE": 0.3243243243243243, "eval_recall_AMBIENCE_NEGATIVE": 0.3157894736842105, "eval_precision_AMBIENCE_NEGATIVE": 0.3333333333333333, "eval_accuracy_AMBIENCE_NEGATIVE": 0.1935483870967742, "eval_n_examples_PRICE_POSITIVE": 14, "eval_f1_PRICE_POSITIVE": 0.4827586206896552, "eval_recall_PRICE_POSITIVE": 0.5, "eval_precision_PRICE_POSITIVE": 0.4666666666666667, "eval_accuracy_PRICE_POSITIVE": 0.3181818181818182, "eval_n_examples_PRICE_NEUTRAL": 9, "eval_f1_PRICE_NEUTRAL": 0.26666666666666666, "eval_recall_PRICE_NEUTRAL": 0.2222222222222222, "eval_precision_PRICE_NEUTRAL": 0.3333333333333333, "eval_accuracy_PRICE_NEUTRAL": 0.15384615384615385, "eval_n_examples_PRICE_NEGATIVE": 56, "eval_f1_PRICE_NEGATIVE": 0.4901960784313726, "eval_recall_PRICE_NEGATIVE": 0.44642857142857145, "eval_precision_PRICE_NEGATIVE": 0.5434782608695652, "eval_accuracy_PRICE_NEGATIVE": 0.3246753246753247, "eval_f1_macro": 0.5431645791392408, "eval_runtime": 35.2071, "eval_samples_per_second": 26.245, "eval_steps_per_second": 1.647, "epoch": 20.0, "runtime": 314.25811553001404, "runtime_formatted": "5m 14s", "n_samples_train": 2154, "n_samples_test": 924, "log_history": [{"loss": 0.4906, "learning_rate": 0.000285, "epoch": 1.0, "step": 135}, {"loss": 0.2018, "learning_rate": 0.00027, "epoch": 2.0, "step": 270}, {"loss": 0.1562, "learning_rate": 0.00025499999999999996, "epoch": 3.0, "step": 405}, {"loss": 0.1294, "learning_rate": 0.00023999999999999998, "epoch": 4.0, "step": 540}, {"loss": 0.1091, "learning_rate": 0.000225, "epoch": 5.0, "step": 675}, {"loss": 0.0933, "learning_rate": 0.00020999999999999998, "epoch": 6.0, "step": 810}, {"loss": 0.0824, "learning_rate": 0.000195, "epoch": 7.0, "step": 945}, {"loss": 0.0683, "learning_rate": 0.00017999999999999998, "epoch": 8.0, "step": 1080}, {"loss": 0.0642, "learning_rate": 0.000165, "epoch": 9.0, "step": 1215}, {"loss": 0.058, "learning_rate": 0.00015, "epoch": 10.0, "step": 1350}, {"loss": 0.0553, "learning_rate": 0.000135, "epoch": 11.0, "step": 1485}, {"loss": 0.0482, "learning_rate": 0.00011999999999999999, "epoch": 12.0, "step": 1620}, {"loss": 0.048, "learning_rate": 0.00010499999999999999, "epoch": 13.0, "step": 1755}, {"loss": 0.0445, "learning_rate": 8.999999999999999e-05, "epoch": 14.0, "step": 1890}, {"loss": 0.0438, "learning_rate": 7.5e-05, "epoch": 15.0, "step": 2025}, {"loss": 0.0432, "learning_rate": 5.9999999999999995e-05, "epoch": 16.0, "step": 2160}, {"loss": 0.0414, "learning_rate": 4.4999999999999996e-05, "epoch": 17.0, "step": 2295}, {"loss": 0.0421, "learning_rate": 2.9999999999999997e-05, "epoch": 18.0, "step": 2430}, {"loss": 0.0414, "learning_rate": 1.4999999999999999e-05, "epoch": 19.0, "step": 2565}, {"loss": 0.0381, "learning_rate": 0.0, "epoch": 20.0, "step": 2700}, {"train_runtime": 269.0364, "train_samples_per_second": 160.127, "train_steps_per_second": 10.036, "total_flos": 2314496714473472.0, "train_loss": 0.09496606667836507, "epoch": 20.0, "step": 2700}, {"eval_loss": 0.1794465333223343, "eval_rouge1": 88.3958, "eval_rouge2": 82.2519, "eval_rougeL": 87.6705, "eval_rougeLsum": 87.6537, "eval_gen_len": 109.3918, "eval_f1": 0.6474127557160048, "eval_recall": 0.6329411764705882, "eval_precision": 0.6625615763546798, "eval_accuracy": 0.4786476868327402, "eval_n_examples_GENERAL-IMPRESSION_POSITIVE": 119, "eval_f1_GENERAL-IMPRESSION_POSITIVE": 0.6877828054298643, "eval_recall_GENERAL-IMPRESSION_POSITIVE": 0.6386554621848739, "eval_precision_GENERAL-IMPRESSION_POSITIVE": 0.7450980392156863, "eval_accuracy_GENERAL-IMPRESSION_POSITIVE": 0.5241379310344828, "eval_n_examples_GENERAL-IMPRESSION_NEUTRAL": 10, "eval_f1_GENERAL-IMPRESSION_NEUTRAL": 0.5714285714285715, "eval_recall_GENERAL-IMPRESSION_NEUTRAL": 0.4, "eval_precision_GENERAL-IMPRESSION_NEUTRAL": 1.0, "eval_accuracy_GENERAL-IMPRESSION_NEUTRAL": 0.4, "eval_n_examples_GENERAL-IMPRESSION_NEGATIVE": 107, "eval_f1_GENERAL-IMPRESSION_NEGATIVE": 0.6341463414634146, "eval_recall_GENERAL-IMPRESSION_NEGATIVE": 0.6074766355140186, "eval_precision_GENERAL-IMPRESSION_NEGATIVE": 0.6632653061224489, "eval_accuracy_GENERAL-IMPRESSION_NEGATIVE": 0.4642857142857143, "eval_n_examples_FOOD_POSITIVE": 282, "eval_f1_FOOD_POSITIVE": 0.7174280879864637, "eval_recall_FOOD_POSITIVE": 0.75177304964539, "eval_precision_FOOD_POSITIVE": 0.686084142394822, "eval_accuracy_FOOD_POSITIVE": 0.5593667546174143, "eval_n_examples_FOOD_NEUTRAL": 40, "eval_f1_FOOD_NEUTRAL": 0.6571428571428571, "eval_recall_FOOD_NEUTRAL": 0.575, "eval_precision_FOOD_NEUTRAL": 0.7666666666666667, "eval_accuracy_FOOD_NEUTRAL": 0.48936170212765956, "eval_n_examples_FOOD_NEGATIVE": 188, "eval_f1_FOOD_NEGATIVE": 0.5699481865284974, "eval_recall_FOOD_NEGATIVE": 0.5851063829787234, "eval_precision_FOOD_NEGATIVE": 0.5555555555555556, "eval_accuracy_FOOD_NEGATIVE": 0.39855072463768115, "eval_n_examples_SERVICE_POSITIVE": 167, "eval_f1_SERVICE_POSITIVE": 0.7562499999999999,