{"TARGET": "target_aspect_sentiment_detection", "eval_loss": 0.2654309570789337, "eval_rouge1": 90.0056, "eval_rouge2": 85.266, "eval_rougeL": 89.494, "eval_rougeLsum": 89.4622, "eval_gen_len": 61.4156, "eval_f1": 0.6997201119552179, "eval_recall": 0.6862745098039216, "eval_precision": 0.7137030995106036, "eval_accuracy": 0.5381303813038131, "eval_n_examples_GENERAL-IMPRESSION_POSITIVE": 119, "eval_f1_GENERAL-IMPRESSION_POSITIVE": 0.7043478260869567, "eval_recall_GENERAL-IMPRESSION_POSITIVE": 0.680672268907563, "eval_precision_GENERAL-IMPRESSION_POSITIVE": 0.7297297297297297, "eval_accuracy_GENERAL-IMPRESSION_POSITIVE": 0.5436241610738255, "eval_n_examples_GENERAL-IMPRESSION_NEUTRAL": 10, "eval_f1_GENERAL-IMPRESSION_NEUTRAL": 0.7499999999999999, "eval_recall_GENERAL-IMPRESSION_NEUTRAL": 0.6, "eval_precision_GENERAL-IMPRESSION_NEUTRAL": 1.0, "eval_accuracy_GENERAL-IMPRESSION_NEUTRAL": 0.6, "eval_n_examples_GENERAL-IMPRESSION_NEGATIVE": 107, "eval_f1_GENERAL-IMPRESSION_NEGATIVE": 0.7452830188679245, "eval_recall_GENERAL-IMPRESSION_NEGATIVE": 0.7383177570093458, "eval_precision_GENERAL-IMPRESSION_NEGATIVE": 0.7523809523809524, "eval_accuracy_GENERAL-IMPRESSION_NEGATIVE": 0.5939849624060151, "eval_n_examples_FOOD_POSITIVE": 282, "eval_f1_FOOD_POSITIVE": 0.754325259515571, "eval_recall_FOOD_POSITIVE": 0.7730496453900709, "eval_precision_FOOD_POSITIVE": 0.7364864864864865, "eval_accuracy_FOOD_POSITIVE": 0.6055555555555555, "eval_n_examples_FOOD_NEUTRAL": 40, "eval_f1_FOOD_NEUTRAL": 0.7368421052631577, "eval_recall_FOOD_NEUTRAL": 0.7, "eval_precision_FOOD_NEUTRAL": 0.7777777777777778, "eval_accuracy_FOOD_NEUTRAL": 0.5833333333333334, "eval_n_examples_FOOD_NEGATIVE": 188, "eval_f1_FOOD_NEGATIVE": 0.6346666666666666, "eval_recall_FOOD_NEGATIVE": 0.6329787234042553, "eval_precision_FOOD_NEGATIVE": 0.6363636363636364, "eval_accuracy_FOOD_NEGATIVE": 0.46484375, "eval_n_examples_SERVICE_POSITIVE": 167, "eval_f1_SERVICE_POSITIVE": 0.7951070336391437, "eval_recall_SERVICE_POSITIVE": 0.7784431137724551, "eval_precision_SERVICE_POSITIVE": 0.8125, "eval_accuracy_SERVICE_POSITIVE": 0.6598984771573604, "eval_n_examples_SERVICE_NEUTRAL": 3, "eval_f1_SERVICE_NEUTRAL": 0.8, "eval_recall_SERVICE_NEUTRAL": 0.6666666666666666, "eval_precision_SERVICE_NEUTRAL": 1.0, "eval_accuracy_SERVICE_NEUTRAL": 0.6666666666666666, "eval_n_examples_SERVICE_NEGATIVE": 150, "eval_f1_SERVICE_NEGATIVE": 0.6456140350877192, "eval_recall_SERVICE_NEGATIVE": 0.6133333333333333, "eval_precision_SERVICE_NEGATIVE": 0.6814814814814815, "eval_accuracy_SERVICE_NEGATIVE": 0.47668393782383417, "eval_n_examples_AMBIENCE_POSITIVE": 90, "eval_f1_AMBIENCE_POSITIVE": 0.710843373493976, "eval_recall_AMBIENCE_POSITIVE": 0.6555555555555556, "eval_precision_AMBIENCE_POSITIVE": 0.7763157894736842, "eval_accuracy_AMBIENCE_POSITIVE": 0.5514018691588785, "eval_n_examples_AMBIENCE_NEUTRAL": 2, "eval_f1_AMBIENCE_NEUTRAL": 0.6666666666666666, "eval_recall_AMBIENCE_NEUTRAL": 0.5, "eval_precision_AMBIENCE_NEUTRAL": 1.0, "eval_accuracy_AMBIENCE_NEUTRAL": 0.5, "eval_n_examples_AMBIENCE_NEGATIVE": 38, "eval_f1_AMBIENCE_NEGATIVE": 0.5384615384615385, "eval_recall_AMBIENCE_NEGATIVE": 0.5526315789473685, "eval_precision_AMBIENCE_NEGATIVE": 0.525, "eval_accuracy_AMBIENCE_NEGATIVE": 0.3684210526315789, "eval_n_examples_PRICE_POSITIVE": 14, "eval_f1_PRICE_POSITIVE": 0.6956521739130435, "eval_recall_PRICE_POSITIVE": 0.5714285714285714, "eval_precision_PRICE_POSITIVE": 0.8888888888888888, "eval_accuracy_PRICE_POSITIVE": 0.5333333333333333, "eval_n_examples_PRICE_NEUTRAL": 9, "eval_f1_PRICE_NEUTRAL": 0.25, "eval_recall_PRICE_NEUTRAL": 0.2222222222222222, "eval_precision_PRICE_NEUTRAL": 0.2857142857142857, "eval_accuracy_PRICE_NEUTRAL": 0.14285714285714285, "eval_n_examples_PRICE_NEGATIVE": 56, "eval_f1_PRICE_NEGATIVE": 0.5225225225225225, "eval_recall_PRICE_NEGATIVE": 0.5178571428571429, "eval_precision_PRICE_NEGATIVE": 0.5272727272727272, "eval_accuracy_PRICE_NEGATIVE": 0.35365853658536583, "eval_f1_macro": 0.6633554813456591, "eval_runtime": 56.8228, "eval_samples_per_second": 16.261, "eval_steps_per_second": 1.021, "epoch": 20.0, "runtime": 1350.998363018036, "runtime_formatted": "22m 30s", "n_samples_train": 2154, "n_samples_test": 924, "log_history": [{"loss": 0.2982, "learning_rate": 0.000285, "epoch": 1.0, "step": 135}, {"loss": 0.1078, "learning_rate": 0.00027, "epoch": 2.0, "step": 270}, {"loss": 0.0738, "learning_rate": 0.00025499999999999996, "epoch": 3.0, "step": 405}, {"loss": 0.0492, "learning_rate": 0.00023999999999999998, "epoch": 4.0, "step": 540}, {"loss": 0.0344, "learning_rate": 0.000225, "epoch": 5.0, "step": 675}, {"loss": 0.0265, "learning_rate": 0.00020999999999999998, "epoch": 6.0, "step": 810}, {"loss": 0.0212, "learning_rate": 0.000195, "epoch": 7.0, "step": 945}, {"loss": 0.0179, "learning_rate": 0.00017999999999999998, "epoch": 8.0, "step": 1080}, {"loss": 0.0144, "learning_rate": 0.000165, "epoch": 9.0, "step": 1215}, {"loss": 0.0107, "learning_rate": 0.00015, "epoch": 10.0, "step": 1350}, {"loss": 0.0076, "learning_rate": 0.000135, "epoch": 11.0, "step": 1485}, {"loss": 0.0042, "learning_rate": 0.00011999999999999999, "epoch": 12.0, "step": 1620}, {"loss": 0.004, "learning_rate": 0.00010499999999999999, "epoch": 13.0, "step": 1755}, {"loss": 0.0039, "learning_rate": 8.999999999999999e-05, "epoch": 14.0, "step": 1890}, {"loss": 0.0023, "learning_rate": 7.5e-05, "epoch": 15.0, "step": 2025}, {"loss": 0.0016, "learning_rate": 5.9999999999999995e-05, "epoch": 16.0, "step": 2160}, {"loss": 0.0016, "learning_rate": 4.4999999999999996e-05, "epoch": 17.0, "step": 2295}, {"loss": 0.0016, "learning_rate": 2.9999999999999997e-05, "epoch": 18.0, "step": 2430}, {"loss": 0.0007, "learning_rate": 1.4999999999999999e-05, "epoch": 19.0, "step": 2565}, {"loss": 0.0006, "learning_rate": 0.0, "epoch": 20.0, "step": 2700}, {"train_runtime": 1283.1166, "train_samples_per_second": 33.575, "train_steps_per_second": 2.104, "total_flos": 9897547542528000.0, "train_loss": 0.03410457494358222, "epoch": 20.0, "step": 2700}, {"eval_loss": 0.2654309570789337, "eval_rouge1": 90.0056, "eval_rouge2": 85.266, "eval_rougeL": 89.494, "eval_rougeLsum": 89.4622, "eval_gen_len": 61.4156, "eval_f1": 0.6997201119552179, "eval_recall": 0.6862745098039216, "eval_precision": 0.7137030995106036, "eval_accuracy": 0.5381303813038131, "eval_n_examples_GENERAL-IMPRESSION_POSITIVE": 119, "eval_f1_GENERAL-IMPRESSION_POSITIVE": 0.7043478260869567, "eval_recall_GENERAL-IMPRESSION_POSITIVE": 0.680672268907563, "eval_precision_GENERAL-IMPRESSION_POSITIVE": 0.7297297297297297, "eval_accuracy_GENERAL-IMPRESSION_POSITIVE": 0.5436241610738255, "eval_n_examples_GENERAL-IMPRESSION_NEUTRAL": 10, "eval_f1_GENERAL-IMPRESSION_NEUTRAL": 0.7499999999999999, "eval_recall_GENERAL-IMPRESSION_NEUTRAL": 0.6, "eval_precision_GENERAL-IMPRESSION_NEUTRAL": 1.0, "eval_accuracy_GENERAL-IMPRESSION_NEUTRAL": 0.6, "eval_n_examples_GENERAL-IMPRESSION_NEGATIVE": 107, "eval_f1_GENERAL-IMPRESSION_NEGATIVE": 0.7452830188679245, "eval_recall_GENERAL-IMPRESSION_NEGATIVE": 0.7383177570093458, "eval_precision_GENERAL-IMPRESSION_NEGATIVE": 0.7523809523809524, "eval_accuracy_GENERAL-IMPRESSION_NEGATIVE": 0.5939849624060151, "eval_n_examples_FOOD_POSITIVE": 282, "eval_f1_FOOD_POSITIVE": 0.754325259515571, "eval_recall_FOOD_POSITIVE": 0.7730496453900709, "eval_precision_FOOD_POSITIVE": 0.7364864864864865, "eval_accuracy_FOOD_POSITIVE": 0.6055555555555555, "eval_n_examples_FOOD_NEUTRAL": 40, "eval_f1_FOOD_NEUTRAL": 0.7368421052631577, "eval_recall_FOOD_NEUTRAL": 0.7, "eval_precision_FOOD_NEUTRAL": 0.7777777777777778, "eval_accuracy_FOOD_NEUTRAL": 0.5833333333333334, "eval_n_examples_FOOD_NEGATIVE": 188, "eval_f1_FOOD_NEGATIVE": 0.6346666666666666, "eval_recall_FOOD_NEGATIVE": 0.6329787234042553, "eval_precision_FOOD_NEGATIVE": 0.6363636363636364, "eval_accuracy_FOOD_NEGATIVE": 0.46484375, "eval_n_examples_SERVICE_POSITIVE": 167, "eval_f1_SERVICE_POSITIVE": 0.7951070336391437,